eid,rid,review,extraction,input_text
NW366Ota9w52nYofW99u1g,0,"If you are looking for something to do, take a break from walking the strip, or take a break from gambling, come watch a movie here! The theater is really old, a little difficult to locate, not visible from the strip (on the side of Denny's), and the theaters are super small, but hey it gives you something to do other than the usual things in Vegas. Prices are movies are definitely a bit pricey. Staff at the front seem to be friendly. Not much more to say about a movie theater. :)   Enjoy.","really old,theater,restaurant -> atmosphere,negative;super small,theaters,food-quantity,positive;bit pricey,movies,value-for-money,negative;friendly,Staff,staff,positive",really old theater [SEP] super small theaters [SEP] bit pricey movies [SEP] friendly Staff
NW366Ota9w52nYofW99u1g,1,"Wow, this is a clean and neat establishment! We came in for a 3 : 30 show on Friday and shared the ~600-person theater with 20-something people. The lobby and hall were pretty dark, and the entrance itself was sketchily situated on a backlot - like side road / street / alley, but the bathroom, theater and seating looked and smelled very clean and sterile, and the staff was very courteous. The sound might've been a bit low, but otherwise it was a clean, straightforward and intimate experience, and if you find yourself on the Vegas Strip and looking for a mainstream / Hollywood / blockbuster movie, this is a great find.","clean,establishment,restaurant -> atmosphere,positive;~600-person,theater,restaurant -> atmosphere,neutral;pretty dark,hall,restaurant -> atmosphere,negative;very courteous,staff,staff,positive;sketchily situated,entrance,restaurant -> atmosphere,negative;sterile,seating,restaurant -> comfort,negative;great,find,restaurant -> atmosphere,positive;straightforward,experience,restaurant -> atmosphere,positive;low,sound,restaurant -> atmosphere,negative",clean establishment [SEP] ~600-person theater [SEP] pretty dark hall [SEP] very courteous staff [SEP] sketchily situated entrance [SEP] sterile seating [SEP] great find [SEP] straightforward experience [SEP] low sound
NW366Ota9w52nYofW99u1g,2,"This place was hard to find and pretty much a shithole. The people were nice, tho. One would think the only movie theater on the Strip would be easier to find, and a little more updated?","hard to find,place,location,negative;nice,people,staff,positive;easier to,movie theater,wait-time,negative",hard to find place [SEP] nice people [SEP] easier to movie theater
NW366Ota9w52nYofW99u1g,3,"Yep, read the other reviews and decided to try this place out. I was here on business and had time to kill so I went and saw a movie. The ticket prices are OK, the concession prices are a joke but overall it's a good place to see a movie. I was thinking it was going to be a really run down place but I was surprised that they had kept it up pretty good. No stadium seating and the seats are a bit dodgy but overall it's an OK place.","OK,ticket prices,value-for-money,neutral;good,place,recommendation,positive;really run down,place,recommendation,negative;a,seats,restaurant -> comfort,negative;dodgy,stadium seating,restaurant -> comfort,negative;OK,place,recommendation,neutral",OK ticket prices [SEP] good place [SEP] really run down place [SEP] a seats [SEP] dodgy stadium seating [SEP] OK place
NW366Ota9w52nYofW99u1g,4,"Tucked away from the strip, its very easy to miss. Movie theater is old and kind of creepy, but it serves its purpose. Went to watch a movie as we wanted to pass time before our evening flight. Wish the seats were comfortable though.","old,Movie theater,restaurant -> atmosphere,negative;comfortable,seats,restaurant -> comfort,negative",old Movie theater [SEP] comfortable seats
NW366Ota9w52nYofW99u1g,5,"I always enjoy coming here because they are open late and you can walk around the strip or go to a bar after. It's very old and small. The movie theater itself is just normal the seats are not comfortable at all! And they don't serve alcohol. The parking garage is also always a challenge getting in and out just because it's on a busy street where pedestrians don't let you go so, just be patient and careful. Overall it's ok if your on the strip looking to watch a movie.","not comfortable,seats,restaurant -> comfort,negative;normal,movie theater,restaurant -> atmosphere,neutral;busy,street,wait-time,negative;always a challenge getting in,parking garage,wait-time,negative",not comfortable seats [SEP] normal movie theater [SEP] busy street [SEP] always a challenge getting in parking garage
NW366Ota9w52nYofW99u1g,6,"I didn't even know this movie theater existed by MGM. Not sure how it stays in business. It's pretty hidden and super, super old. The tickets are sold at the concession stand (I think she was the concession stand person as well). Theater itself was huge but seating was old. They don't recline back much less even move. Arm rests don't raise up and the rows are very close to each other. Probably won't go back.","sold,tickets,value-for-money,neutral;huge,seating,restaurant -> comfort,negative;old,Theater,restaurant -> atmosphere,positive",sold tickets [SEP] huge seating [SEP] old Theater
NW366Ota9w52nYofW99u1g,7,"I don't like this theater. Maybe the crowd was ghetto, I guess. I had a bad time here (screaming, laughing, noisy, rowdy crowd, throwing popcorn at the screen) the last time and never wanted to come back (bad memories). It's old, small, dirty, and too crowded. I didn't like the seats either.","ghetto,crowd,restaurant -> atmosphere,negative;bad,time,wait-time,negative;rowdy,crowd,good-for-groups,negative;bad,memories,restaurant -> atmosphere,negative",ghetto crowd [SEP] bad time [SEP] rowdy crowd [SEP] bad memories
NW366Ota9w52nYofW99u1g,8,I used to live in Vegas and came to this location all the time. I never did understand the whole parking situation but I always use MGM Grand garage. This place is great! If you are walking by and need to use the restroom ... you can! The AC here is just wonderful! They have some late shows going...perfect! Ca nt wait to go back!,"great,place,recommendation,positive;wonderful,AC,restaurant -> atmosphere,positive",great place [SEP] wonderful AC
NW366Ota9w52nYofW99u1g,9,Decided to take a break from walking around the strip and found a movie theatre so we went to go check it out. First of all the theatre is hidden so it's kind of sketchy and secondly the theatre isn't as nice as other ones. The seats were so uncomfortable it was hurting my back so me and my bf left the theatre and got our money back and I would not recommend this place to anyone unless your okay with horrible seats and a sketchy theatre.,"hidden,theatre,restaurant -> atmosphere,negative;sketchy,theatre,restaurant -> atmosphere,negative;uncomfortable,seats,restaurant -> atmosphere,negative;horrible,seats,restaurant -> atmosphere,negative;sketchy,theatre,restaurant -> atmosphere,negative;not recommend,place,recommendation,negative",hidden theatre [SEP] sketchy theatre [SEP] uncomfortable seats [SEP] horrible seats [SEP] sketchy theatre [SEP] not recommend place
NW366Ota9w52nYofW99u1g,10,"Watched Secret Life of Walter Mitty, the theater was ok. It reminded me of home in Stockton. It's quite small, but does the trick I suppose. The seats were not comfy and you have to' look' up at the screen. It's really old fashion including the restroom. I guess if you have NOTHING else to do and want to see a movie, this is the place.","ok,theater,restaurant -> atmosphere,neutral;not comfy,seats,restaurant -> comfort,negative;really old fashion,restroom,restaurant -> atmosphere,negative",ok theater [SEP] not comfy seats [SEP] really old fashion restroom
NW366Ota9w52nYofW99u1g,11,"What can i say it's not like AMC. Seats were tiny i feel like a kid who needs a booster seat so it's not comfortable at all. seems like an old movie theater like the one that we have inside the Navy Base in Japan but other than that, the staff here are pretty nice.","tiny,Seats,restaurant -> comfort,negative;old,movie theater,restaurant -> atmosphere,negative;pretty nice,staff,staff,positive",tiny Seats [SEP] old movie theater [SEP] pretty nice staff
NW366Ota9w52nYofW99u1g,12,"Not a bad place to get away from the strip. It isn't well frequented so very quiet, but people seem polite and accommodating. Unfortunately I came very hungry and got their food ... I ate it and had no food poisoning, but YUCK! Stay away from their hot dogs...it is not fresh and very salty. Their popcorn is ok.","Not a bad,place,recommendation,positive;polite,people,staff,positive;not fresh,hot dogs,food -> quality,negative;ok,popcorn,food -> quality,neutral",Not a bad place [SEP] polite people [SEP] not fresh hot dogs [SEP] ok popcorn
NW366Ota9w52nYofW99u1g,13,this theater is definitely dated .! & over priced .. food isn't fresh & management won't admit that their food is gross instead she offered to replace a hot dog bun & microwave it before putting the same bitten hot dog in it: eh .. theater screen was extremely small .. everything about this place was below average .. wo nt be back.,"gross,food,food -> quality,negative;dated,theater,restaurant -> atmosphere,negative;over priced,food,value-for-money,negative;bitten,hot,food -> quality,neutral;extremely small,theater screen,food-quantity,negative;below average,everything,value-for-money,negative",gross food [SEP] dated theater [SEP] over priced food [SEP] bitten hot [SEP] extremely small theater screen [SEP] below average everything
NW366Ota9w52nYofW99u1g,14,This theater is tucked away on LV BLVD which as a local should have been my first clue. Parking cost me 10 bucks which kinda irritated me. The theater itself is small but functional.,"tucked,theater,restaurant -> atmosphere,neutral;small,theater,food-quantity,positive",tucked theater [SEP] small theater
NW366Ota9w52nYofW99u1g,15,"We were looking for something to break up the day and escape for a while. Well the movie was great but unbelievable how poor of a theater going experience. The seating is way old school, you better hope no one tall sits in front of you. Also the leg room is about as spacious as An airline's coach seating, so prepare yourself for that .... also be sore to bring a friend as you are walking down a dark alley to get to the entrance. I am baffled that there is not a high end movie going experience available on the strip but yet there is an m&m store and coke store .... oh well, best advice is to just skip this theater ....","great,movie,food -> quality,positive;poor of,theater going experience,restaurant -> atmosphere,negative;spacious,leg room,restaurant -> comfort,positive;high end,movie going experience,restaurant -> atmosphere,negative",great movie [SEP] poor of theater going experience [SEP] spacious leg room [SEP] high end movie going experience
NW366Ota9w52nYofW99u1g,16,"This place has a marquee sign on The Strip near the MGM Grand; next to the M&M Candy store. The actual theater is behind the Hard Rock Cafe `. It's an old theater with a slanted floor and very wide screen. The projection and sound systems are very modern. Ticket and consession prices are about what you would expect at a movie theater in a large, busy tourist town. It's a great alternative to gambling, drinking, and dancing. I'd come here again.","old,theater,restaurant -> atmosphere,positive;slanted,floor,restaurant -> atmosphere,positive;very modern,sound systems,restaurant -> atmosphere,positive;busy,tourist town,wait-time,positive",old theater [SEP] slanted floor [SEP] very modern sound systems [SEP] busy tourist town
NW366Ota9w52nYofW99u1g,17,"that s it, I am fed up with this fucked up theatre not having any air conditioning when it is 104 degress outside. I go to a movie for the cool air conditioning. What gives with the mgmt?????","fucked up,theatre,restaurant -> atmosphere,negative;cool,air,restaurant -> atmosphere,positive",fucked up theatre [SEP] cool air
NW366Ota9w52nYofW99u1g,18,"Not much people. Service was ok. Still and old style theater, sits are not comfortable. Don't know if I will be back here.","ok,Service,staff,neutral;old style,theater,restaurant -> atmosphere,positive;not comfortable,sits,restaurant -> comfort,negative",ok Service [SEP] old style theater [SEP] not comfortable sits
NW366Ota9w52nYofW99u1g,19,"This theatre is disgusting! Dirty, smelly and old. Absolutely the worst experience. As I was sitting there I feel nauseous from the stench in the theatre. It was so hard to focus on the movie. Do not waste your money. Seems like people urinate in their seats! The website is misleading.","disgusting,theatre,restaurant -> atmosphere,negative;worst,experience,recommendation,negative;misleading,website,staff,negative",disgusting theatre [SEP] worst experience [SEP] misleading website
NW366Ota9w52nYofW99u1g,20,"Really bad seats, low and uncomfortable. The projector is of high quality, so it's a good place to catch a movie on the strip. Concession stand is expensive but OK.","Really bad,seats,restaurant -> atmosphere,negative;good,place,recommendation,positive;high quality,projector,restaurant -> atmosphere,positive;expensive,Concession stand,value-for-money,negative",Really bad seats [SEP] good place [SEP] high quality projector [SEP] expensive Concession stand
